{"cameraMode":{"drawMode":0,"name":"Shaded","section":"Shading Mode"},"sceneLighting":true,"audioPlay":false,"sceneViewState":{"m_AlwaysRefresh":false,"showFog":true,"showSkybox":true,"showFlares":true,"showImageEffects":true,"showParticleSystems":true,"showVisualEffectGraphs":true,"m_FxEnabled":true},"in2DMode":false,"pivot":{"x":-2.0869922637939455,"y":1.2769434452056885,"z":0.12731432914733888},"rotation":{"x":-0.01817292720079422,"y":0.8375297784805298,"z":-0.027908295392990114,"w":-0.5453742146492004},"size":3.290678024291992,"orthographic":false}